Chase,
Zray,
Aking,legio
platinumdust,
iyten,
dika,legio
Jed,
draps,
HibikiShimizu_akaPenguin,
Tankarino,
YOLOMPI,legio
Niklas,legio
_Ivory,
Athenarian,
gabriiel40,
reps,
azure,
Hasu__,
Atila,
PM,
Leiwii,
ruev,
dave_amogus_,
Katja,legio
RNG__stand_on_business,
shadowreaper,
sprite1x,
snowdude,
Hate,legio
Deal,legio
Astatine,
ongon68,
falco,
octo,
external,
Dusan,
aubury,legio
wastedbanana,
benito,
jandle,
1boy1priest,
putt_party,
aoda,
blaise45,
lightningtheef,
simonfire13,
purple_potato,
thehobostrangle,
Fame,
titus,
Chopa,
floppy,
melly,
harrydeli_,
